title,label,description,link_desc
cook pasta ten minutes,legit,learn cook delicious pasta ten minute experience needed,no link
free iphone giveaway click,scam,claim free iphone visit detail,http scam website com
win brand new tesla enter,scam,chance win tesla visit,http tesla giveaway com
discover secrets success,legit,explore proven strategy achieving personal professional success,no link
warning account compromised,scam,secure account,http security alert com
learn python programming beginner advanced,legit,master python stepbystep guide start coding today,no link
get rich quick simple trick,scam,discover secret formula wealth info,http fakeprofits net
five easy exercises healthier life,legit,quick effective exercise boost health fitness,no link
click claim reward,scam,exclusive prize waiting claim,http reward link com
shocking discovery banks dont want know,scam,learn truth,http bank secrets com
computer risk fix,scam,fix system vulnerability,http quickfix com
top ten travel destinations two thousand and twenty-four,legit,explore beautiful travel spot two thousand and twenty-four plan trip,no link
account deleted twenty-four hours,scam,immediate action required secure account,http urgentfix net
ten facts didnt know space,legit,learn amazing fact space universe,no link
become python expert thirty days,legit,intensive python course designed make expert one month,no link
immediate action required secure funds,scam,protect fund follow link,http safe bank com
new ai technology changes everything,legit,explore groundbreaking ai innovation changing world,no link
congratulations youve one thousand gift card,scam,claim one thousand gift card,http prizezone net
get brand new laptop free,scam,claim free laptop,http free laptop org
understanding machine learning algorithms,legit,discover basic ml algorithm work,no link
win free gift card limited time,scam,dont miss click,http freeswag com
master art public speaking,legit,enhance public speaking skill proven technique,no link
credit score danger click,scam,fix credit score immediately,http credit fix net
exclusive offer double money instantly,scam,double saving instantly click,http fast doubles com
tips successful job interview,legit,practical advice excelling next job interview,no link
youve click claim reward,scam,claim prize,http you win com
diy build treehouse backyard,legit,stepbystep instruction building treehouse fun family,no link
instant approval five thousand loan,scam,get instant loan approval,http loan fast net
claim reward midnight,scam,reward expires soon visit,http midnight prize net
explore hidden wonders world,legit,embark journey discover world hidden treasure,no link
last chance claim prize,scam,dont let chance slip away visit,http finalchance net
unlock secret instant wealth,scam,financial freedom start,http wealth secret net
watch video gets removed,scam,hurry late watch,http hidden video net
upgrade skills tutorial,legit,boost professional skill comprehensive tutorial,no link
earn money sleep,scam,passive income secret revealed,http moneydream net
understanding blockchain technology,legit,learn fundamental blockchain application,no link
earn ten thousand one day guaranteed,scam,make thousand overnight act,http quick rich com
win big purchase required,scam,enter win visit,http win big com
secret investment opportunity revealed,scam,exclusive deal await click,http invest secrets com
hurry limited time offer ends soon,scam,act offer expires,http final offer com
free money click find,scam,get free bonus learn,http free cash info
selected special reward,scam,visit claim reward,http exclusive reward com
secret formula quick money revealed,scam,start earning today,http quick money net
shocking discovery banks dont want know,scam,learn truth,http bank secrets com
top five coding languages learn two thousand and twenty-four,legit,discover indemand programming language two thousand and twenty-four,no link
exclusive crypto trading secrets revealed,scam,discover top strategy crypto trading success,http crypto secrets net
upgrade skills tutorial,legit,boost skill detailed stepbystep guide,no link
save money efficiently,legit,practical tip help manage save finance effectively,no link
earn passive income zero investment,scam,start earning passive income today without initial investment learn,http passive wealth net
win free holiday package limited time,scam,claim holiday package hurry limited time offer,http freeholiday net
healthy recipes busy people,legit,quick healthy recipe tailored busy schedule,no link
understanding cryptocurrency basics,legit,learn essential cryptocurrency start investing,no link
act prize waiting,scam,exclusive reward ready claim,http exclusive reward com
double investment overnight secret,scam,unlock secret formula doubling investment instantly,no link
improve mental health tips,legit,simple effective tip boost mental wellbeing,no link
master art public speaking,legit,overcome stage fright master art confident speaking,no link
warning unauthorized login detected,scam,immediate action required secure account,http secure login com
top ten cities visit summer,legit,explore beautiful city summer vacation,no link
device compromised fix immediately,scam,protect device vulnerability,http secure device net
last chance vip access millionaire club,scam,unlock vip access,http millionaire club com
understanding blockchain technology,legit,indepth look blockchain revolutionizing industry,no link
congratulations youve selected special gift,scam,claim exclusive gift,http special gift net
understanding renewable energy sources,legit,explore renewable energy shaping future sustainability,no link
pqjjlbwwsupivcnmfi9i2m8jtdw,legit,learn best strategy grow monetize youtube channel,no link
immediate action required avoid penalties,scam,take immediate action avoid penalty details,http penalty alert com
top five hacks make money online instantly,scam,learn fastest way make money online,no link
claim five hundred bonus late,scam,hurry claim five hundred bonus,http bonus now com
top five coding languages learn two thousand and twenty-four,legit,discover top programming language boost career two thousand and twenty-four,no link
ultimate fitness guide beginners,legit,start fitness journey comprehensive guide,no link
earn five thousand per week home skills needed,scam,learn earn home skill required,http work from home com
comprehensive guide digital marketing,legit,master digital marketing strategy business,no link
shocking truth online banking watch,scam,unveil shocking truth online banking,http banking truth net
limited slots available reserve,scam,secure slot late limited availability,no link
explore hidden wonders world,legit,discover breathtaking place earth,no link
best books read year,legit,curated list mustread book year,no link
subscription suspended reactivate,scam,reactivate subscription immediately,http subscription alert com
tips successful job interview,legit,essential tip excel next job interview,no link
exclusive investment tips instant wealth,scam,learn best investment tip immediate return,no link
unboxing latest iphone model,legit,detailed unboxing review latest iphone model,no link
plan perfect vacation,legit,stepbystep guide planning unforgettable vacation,no link
top five skills need two thousand and twenty-four,legit,discover valuable skill thrive job market year,no link
password leaked update,scam,immediate action required secure password immediately,no link
ultimate guide healthy meal prep,legit,learn prepare healthy meal efficiently effectively,no link
act avoid account suspension,scam,avoid account suspension following instruction provided,no link
best practices learning new language,legit,master new language quickly proven strategy,no link
unbelievable deal buy one get five free,scam,limited time offer grab deal,http exclusive deal net
rcurlturtae ntwaflosecf eesrseca eso hac,legit,discover key strategy launching freelance career,no link
instant approval personal loans credit check,scam,get instant approval loan application today,no link
understanding basics cybersecurity,legit,learn essential technique secure digital life,no link
free gift ready shipment,scam,claim free gift expires,no link
tips effective time management,legit,manage time better efficient productivity tip,no link
secure account simple step,scam,protect account simple effective security tip,no link
introduction artificial intelligence basics,legit,explore fundamental concept ai beginner guide,no link
ten quick tips improve memory,legit,boost memory scientifically proven technique,no link
hidden secrets get rich fast revealed,scam,discover hidden secret quick wealth,no link
beginners guide graphic design,legit,start graphic design journey beginnerfriendly tip,no link
exploring future renewable energy,legit,understand renewable energy shaping world,no link
important update payment information,scam,ensure payment detail date avoid interruption,no link
simple steps improve public speaking skills,legit,overcome stage fright speak confidently public,no link
ten proven methods save money,legit,learn practical technique save money effectively,no link
immediate refund available click,scam,claim refund immediately following instruction,no link
learn fundamentals photography,legit,capture stunning photo beginnerfriendly photography tip,no link
write winning resume,legit,craft resume stand potential employer,no link
win prizes worth ten thousand enter today,scam,chance win big details,http win prizes now com
master data science six months,legit,become data science expert comprehensive 6month guide,no link
exclusive opportunity boss,scam,start entrepreneurial journey today,no link
learn guitar thirty days,legit,master guitar basic one month simple guide,no link
essential tools remote work success,legit,equip best tool remote productivity,no link
top seven places visit europe year,legit,explore breathtaking destination europe year,no link
shocking truth online banking watch,scam,discover surprising insight online banking practice,no link
ultimate beginners guide yoga,legit,start yoga journey easy beginner tip,no link
click activate free gift,scam,free gift waiting activate,no link
simple habits productive day,legit,boost productivity simple daily habit,no link
act quickly claim reward today,scam,reward ready dont miss,no link
understanding cryptocurrency wallets,legit,learn manage secure cryptocurrency wallet,no link
congratulations youve surprise gift,scam,claim surprise gift,http surprise gift net
exploring depths ocean documentary,legit,dive mystery deep ocean documentary,no link
top three ways become millionaire,scam,discover secret becoming millionaire quickly,no link
device risk fix instantly,scam,device need immediate attention secure,no link
free access exclusive content,scam,gain access exclusive premium content,no link
urgent verify account immediately,scam,verify account avoid disruption,no link
earn five hundred day strategy,scam,start earning money online today proven strategy,no link
understanding basics personal finance,legit,learn fundamental personal finance money management,no link
get exclusive access secret wealth tips,scam,unlock exclusive tip growing wealth,no link
immediate action required account security,scam,secure account immediately prevent unauthorized access,no link
ten quick recipes busy weeknights,legit,prepare quick delicious meal busy evening,no link
win luxury car one click,scam,chance win luxury car details,http luxurycar win net
special offer unlock premium content free,scam,unlock premium content without paying dime,no link
build confidence social situations,legit,overcome shyness boost confidence social interaction,no link
attention account needs verification,scam,account requires immediate verification take action,no link
limited slots instant wealth program,scam,secure spot exclusive wealth program,no link
free bitcoin giveaway claim,scam,claim free bitcoin today limited offer,no link
act fast slots left,scam,limited availability secure spot,no link
get instant approval personal loan,scam,loan ready get instant approval today,no link
learn ethical hacking step step,legit,master ethical hacking stepbystep guide,no link
secure future one trick,scam,protect grow future wealth simple trick,no link
last chance claim prize,scam,prize expire claim,no link
easy diy projects home,legit,simple fun diy project improve home,no link
alert suspicious activity detected account,scam,suspicious activity detected secure account immediately,no link
limited time get free bonus,scam,free bonus waiting grab,no link
double investment overnight,scam,maximize return overnight investment strategy,no link
shocking discovery online earnings,scam,learn shocking truth earning money online,no link
uncover hidden investment secrets,scam,exclusive investment secret revealed,no link
build confidence social situations,legit,improve social confidence proven strategy,no link
get paid watching videos start today,scam,earn money online watching video today,no link
understanding basics personal finance,legit,master personal finance foundational tip,no link
claim free access premium tools_,scam,gain free access premium tool act late,no link
ultimate guide gardening beginners,legit,start gardening journey easy step beginner,no link
shocking secrets rich exposed,scam,discover hidden secret wealthy people dont want know,no link
quick easy vegan recipes,legit,prepare tasty vegan meal minute quick recipe,no link
top five secrets banks dont want know,scam,learn secret bank hiding,no link
earn passive income effortlessly,scam,generate passive income simple proven method,no link
master public speaking tips,legit,boost confidence communication tip,no link
exclusive access fast money making tips,scam,unlock exclusive secret making money fast,no link
master photography seven days,legit,learn photography basic start taking stunning picture one week,no link
explore wonders space nasa,legit,join nasa exploring mystery universe,no link
immediate refund available act fast,scam,claim refund,http refund quick net
ten mindfulness techniques stress relief,legit,reduce stress boost mental clarity mindfulness technique,no link
account flagged suspicious activity,scam,immediate attention required secure account,no link
top ten mustvisit cities europe,legit,discover beautiful city visit europe year,no link
stepbystep guide home renovation,legit,transform home easytofollow renovation guide,no link
attention limited time investment opportunity,scam,secure investment spot today,http invest now com
best hiking trails around world,legit,explore world breathtaking hiking trail,no link
top ten mustread books entrepreneurs,legit,fuel entrepreneurial journey mustread book,no link
warning immediate action required account,scam,account risk take immediate action secure,no link
unlock financial freedom today,scam,discover strategy achieve financial independence,no link
build successful online business,legit,learn proven technique building successful online business,no link
limited offer double money instantly,scam,double investment instantly limitedtime offer,no link
best practices cybersecurity two thousand and twenty-four,legit,protect digital life cybersecurity tip,no link
top five tools effective project management,legit,boost productivity essential project management tool,no link
discover secrets instant success,scam,learn shortcut achieving instant success,no link
five daily habits healthier lifestyle,legit,adopt five daily habit healthier happier life,no link
security risk click fix,scam,secure account,http security fix com
simple exercises better posture,legit,improve posture easy daily exercise,no link
join vip club exclusive benefits,scam,gain exclusive access vip offer deal,no link
quick cash make two hundred thirty minutes,scam,earn quick cash proven method,no link
start earning home right,scam,work home start earning today,no link
learn spanish thirty days beginner guide,legit,master spanish basic thirty day beginnerfriendly guide,no link
improve digital marketing skills,legit,upgrade digital marketing expertise actionable strategy,no link
exclusive insider trading secrets revealed,scam,get access confidential insider trading secret today,no link
alert payment details outdated,scam,update payment detail avoid service interruption,no link
claim instant reward,scam,reward ready claim instantly,no link
new method get rich fast revealed,scam,unlock brandnew strategy get rich quickly,no link
learn basic first aid skills,legit,master essential first aid skill handle emergency confidently,no link
stepbystep guide writing novel,legit,start writing journey comprehensive novelwriting guide,no link
exclusive deal win free ipad today,scam,chance win free ipad enter,http free ipad net
top five productivity tools remote work,legit,enhance workflow top productivity tool remote work,no link
earn one thousand daily without leaving home,scam,learn make money daily without stepping outside home,no link
ten tips becoming better writer,legit,improve writing skill practical effective tip,no link
plan dream vacation,legit,create unforgettable travel experience vacation planning guide,no link
best practices managing remote teams,legit,lead remote team effectively proven management strategy,no link
stepbystep guide learning guitar,legit,learn play guitar stepbystep even youre complete beginner,no link
bank account locked immediate action needed,scam,unlock bank account,http secure bank net
easy diy crafts kids,legit,fun creative craft project kid age,no link
ten affordable smart home gadgets,legit,upgrade home budgetfriendly smart device,no link
learn art graphic design,legit,discover essential graphic design skill unleash creativity,no link
launch startup successfully,legit,turn business idea reality startup tip,no link
best practices email marketing campaigns,legit,boost engagement proven email marketing strategy,no link
top five online courses career growth,legit,advance career highly recommended online course,no link
improve focus techniques,legit,learn eliminate distraction stay focused goal,no link
ten science experiments home,legit,fun educational science experiment entire family,no link
congratulations youve dream vacation,scam,claim dream vacation,http dream vacation net
discover best travel hacks flights,legit,save money travel smarter flight booking hack,no link
top seven time management strategies,legit,manage time better proven strategy,no link
diy build bookshelf scratch,legit,follow easy step build sturdy bookshelf home,no link
healthy meal prep ideas busy schedules,legit,prepare nutritious meal quickly timesaving tip,no link
stay fit without gym membership,legit,stay shape effective home fitness routine,no link
explore benefits renewable energy,legit,learn renewable energy positively impact environment,no link
ten fun science facts kids,legit,discover amazing fun science fact kid love,no link
top five strategies effective team management,legit,improve teamwork essential team management technique,no link
build personal fitness plan,legit,create personalized fitness plan tailored goal,no link
learn video editing like pro,legit,master professional video editing technique ease,no link
ten things didnt know oceans,legit,explore fascinating fact world ocean,no link
learn code python thirty days,legit,become proficient python programming one month,no link
effective study techniques students,legit,boost academic performance study strategy,no link
beginners guide investing stocks,legit,learn basic stock investing grow wealth,no link
introduction machine learning algorithms,legit,understand fundamental machine learning algorithm,no link
stay motivated challenging times,legit,stay positive motivated helpful strategy,no link
learn meditate effectively,legit,improve mental health effective meditation technique,no link
discover secrets wildlife photography,legit,capture breathtaking wildlife photo expert tip,no link
learn video editing scratch,legit,master basic video editing beginnerfriendly guide,no link
data compromised act fast,scam,immediate action required protect data,no link
explore best hiking trails south america,legit,discover breathtaking hiking trail across south america,no link
son0mmgo6vr2rbo6ixhnjnvvem2r8qc,scam,grab free cryptocurrency token,http free airdrop com
become millionaire one trick,scam,unlock secret becoming millionaire quickly,no link
master digital marketing thirty days,legit,enhance marketing skill 30day comprehensive guide,no link
claim exclusive reward midnight,scam,reward waiting claim midnight,no link
stepbystep guide building website,legit,build professional website scratch easy guide,no link
ten simple recipes quick dinners,legit,cook delicious dinner minute quick recipe,no link
attention urgent security update required,scam,update security setting avoid risk,no link
earn passive income hidden method,scam,discover hidden method generate passive income easily,no link
five easy ways save money every month,legit,simple strategy save money effectively every month,no link
best practices data security online,legit,protect online presence security practice,no link
instant wealth awaits click learn,scam,path instant wealth begin act,no link
master basics artificial intelligence,legit,learn core concept artificial intelligence stepbystep,no link
act limited time bonus offer,scam,claim bonus time run,no link
improve writing skills tips,legit,enhance writing ability practical advice,no link
vip access limited slots available,scam,secure vip slot limited spot left,no link
top seven fitness exercises beginners,legit,start fitness journey simple exercise,no link
payment details outdated update,scam,update payment detail immediately,http secure payment com
attention suspicious login attempt detected,scam,secure account prevent unauthorized access,no link
top secret financial freedom blueprint revealed,scam,unlock blueprint achieving financial freedom,no link
plan effective study routine,legit,organize study schedule efficiently tip,no link
unlock hidden earnings one click,scam,access hidden earning strategy one simple click,no link
double money twenty-four hours guaranteed,scam,invest see money double within twenty-four hour,no link
top ten tourist attractions asia,legit,explore mustvisit tourist attraction across asia,no link
five easy ways save money every month,legit,simple effective method save money every month,no link
exclusive invitation join millionaire club,scam,exclusive invitation waiting join,no link
ten essential skills remote workers,legit,boost productivity essential remote working skill,no link
act claim special reward,scam,claim reward instantly,http special reward net
urgent account risk fix,scam,account compromised secure immediately,no link
beginners guide organic gardening,legit,start organic gardening journey easy guide,no link
final warning account suspension imminent,scam,take immediate action avoid account suspension,no link
stepbystep guide building website,legit,follow guide create first website scratch,no link
start earning five hundred day starting,scam,learn earn five hundred daily proven strategy,no link
new investment scheme earn big returns,scam,start investing today guaranteed high return,no link
computer infected fix,scam,protect system act fast,no link
top five strategies effective team management,legit,manage team effectively proven strategy,no link
double earnings instantly,scam,boost income instantly,http fast earnings com
understanding science behind nutrition,legit,explore nutrition impact health essential insight,no link
build emergency fund,legit,learn practical step create maintain emergency fund,no link
ten diy projects home,legit,fun creative diy project enhance living space,no link
tips creating engaging social media content,legit,boost social medium presence actionable tip,no link
stepbystep guide podcasting,legit,start podcast detailed stepbystep guide,no link
ten travel hacks save money flights,legit,save money next trip flight booking hack,no link
stay motivated work,legit,learn strategy stay focused motivated workplace,no link
quick workout routines busy professionals,legit,stay fit quick efficient workout routine,no link
best tools improving productivity,legit,maximize productivity essential tool,no link
introduction financial planning young adults,legit,learn plan finance effectively young adult,no link
discover benefits meditation,legit,unlock mental physical benefit daily meditation,no link
build confidence public speaking,legit,improve public speaking skill proven technique,no link
learn write resume stands,legit,craft compelling resume catch recruiter attention,no link
mastering video conferencing tools,legit,learn use video conferencing tool effectively remote meeting,no link
best practices cybersecurity awareness,legit,protect digital asset cybersecurity tip,no link
learn ethical hacking basics,legit,get started ethical hacking cybersecurity essential,no link
quick tips learning new language,legit,master basic language quick tip,no link
overcome procrastination,legit,defeat procrastination effective strategy,no link
discover basics machine learning,legit,understand fundamental concept machine learning,no link
understanding cryptocurrency beginners,legit,learn essential cryptocurrency blockchain technology,no link
ten effective time management strategies,legit,boost productivity effective time management technique,no link
bake perfect bread home,legit,master art baking delicious bread home,no link
simple tips better sleep,legit,improve sleep quality simple yet effective tip,no link
learn code mobile app sixty days,legit,build first mobile app stepbystep sixty day,no link
build passive income stream,legit,create sustainable passive income source method,no link
discover art photography,legit,learn secret capturing stunning photograph,no link
create budget stick,legit,take control finance effective budgeting technique,no link
top five books personal development,legit,fuel growth mustread personal development book,no link
explore world virtual reality,legit,dive immersive experience virtual reality,no link
understanding basics cloud computing,legit,learn cloud computing power modern technology solution,no link
effective techniques stress management,legit,reduce stress proven relaxation technique,no link
start freelance career successfully,legit,launch freelance career essential tip,no link
explore history ancient civilizations,legit,travel back time uncover ancient secret,no link
learn design logo photoshop,legit,master logo design using photoshop stepbystep,no link
build strong professional relationships,legit,strengthen professional network strategy,no link
ten life hacks everyday problems,legit,simplify daily life creative life hack,no link
ten steps start business,legit,follow step launch business successfully,no link
master basics graphic design,legit,start graphic design journey essential tip,no link
learn fundamentals project management,legit,understand key principle successful project management,no link
plan effective study routine,legit,boost academic success wellstructured study routine,no link
learn basics seo beginners,legit,master fundamental seo improve website ranking,no link
earn ten thousand one week skills needed,scam,start earning today zero experience act,http easy earnings com
ten tips effective email communication,legit,improve professional communication email strategy,no link
quick easy vegan meal prep ideas,legit,prepare delicious healthy vegan meal time,no link
learn make money online fast,scam,discover fastest way earn money online dont miss,no link
best practices remote team collaboration,legit,boost team productivity remote collaboration tip,no link
stepbystep guide interior design basics,legit,learn design beautiful functional space home,no link
top five tools effective content marketing,legit,maximize content strategy essential tool,no link
lottery simple trick,scam,discover trick could change life overnight,no link
