title,label,description,upload_hour,likes,dislikes,comments
How to Cook Pasta in 10 Minutes,legit,Learn how to cook delicious pasta in just 10 minutes. No experience needed!,20.0,29187.0,2101.0,4003.0
FREE iPhone Giveaway! Just Click Now!!!,scam,Claim your free iPhone now! Visit http://scam-website.com for more details.,11.0,99399.0,9827.0,965.0
Win a Brand New Tesla - Enter Now!,scam,Your chance to win a Tesla! Visit: http://tesla-giveaway.com,11.0,38331.0,3574.0,824.0
Discover the Secrets of Success!,legit,Explore proven strategies for achieving personal and professional success.,10.0,11243.0,801.0,8093.0
WARNING: Your Account is Compromised!,scam,Secure your account now at http://security-alert.com,21.0,47063.0,5698.0,5594.0
Learn Python Programming - Beginner to Advanced,legit,Master Python with our step-by-step guide. Start coding today!,0.0,36959.0,8379.0,7953.0
Get Rich Quick with This Simple Trick!,scam,Discover the secret formula to wealth! More info at http://fakeprofits.net,15.0,4666280.0,727310.0,1901.0
5 Easy Exercises for a Healthier Life,legit,Quick and effective exercises to boost your health and fitness.,,49933.0,3630.0,100.0
Click Here to Claim Your Reward!,scam,Your exclusive prize is waiting. Claim it here: http://reward-link.com,19.0,67550.0,1317.0,8486.0
Shocking Discovery That Banks Don’t Want You to Know!,scam,Learn the truth now: http://bank-secrets.com,15.0,53616.0,2958.0,5028.0
Your Computer is at Risk! Fix It Now!,scam,Fix your system vulnerabilities at http://quickfix.com,2.0,12119.0,3144.0,
Top 10 Travel Destinations for 2024,legit,Explore the most beautiful travel spots for 2024. Plan your trip now!,19.0,3045804.0,536687.0,588.0
Your Account Will Be Deleted in 24 Hours!,scam,Immediate action required! Secure your account at http://urgentfix.net,22.0,22941.0,4162.0,2983.0
10 Facts You Didn't Know About Space,legit,Learn amazing facts about space and the universe.,4.0,99983.0,7338.0,4874.0
###ERROR###,scam,Don't lose your chance! Register now at http://exclusive-offer.com,12.0,39817.0,9534.0,1862.0
Become a Python Expert in 30 Days,legit,Intensive Python course designed to make you an expert in one month.,19.0,38801.0,491.0,4827.0
Immediate Action Required to Secure Your Funds!,scam,Protect your funds now! Follow the link: http://safe-bank.com,10.0,87361.0,8806.0,2084.0
New AI Technology That Changes Everything!,legit,Explore groundbreaking AI innovations changing the world.,8.0,6611.0,214.0,5200.0
Congratulations! You've Won a $1000 Gift Card!,scam,Claim your $1000 gift card at http://prizezone.net,16.0,13257.0,3977.0,7572.0
Get a Brand New Laptop for FREE!,scam,Claim your free laptop here: http://free-laptop.org,13.0,9984.0,6628.0,5855.0
Understanding Machine Learning Algorithms,legit,Discover the basics of ML algorithms and how they work.,8.0,43485.0,3385.0,9585.0
Win a Free Gift Card - Limited Time Only!,scam,Don't miss out! Click now: http://freeswag.com,15.0,30821.0,2548.0,3645.0
Master the Art of Public Speaking,legit,Enhance your public speaking skills with proven techniques.,4.0,2271.0,4982.0,6777.0
Your Credit Score is in Danger! Click Now!,scam,Fix your credit score immediately at http://credit-fix.net,2.0,36694.0,3409.0,7696.0
Exclusive Offer: Double Your Money Instantly!,scam,Double your savings instantly! Click here: http://fast-doubles.com,14.0,18646.0,9629.0,9096.0
Tips for a Successful Job Interview,legit,Practical advice for excelling in your next job interview.,18.0,93214.0,2674.0,9366.0
You've Won! Click to Claim Your Reward!,scam,Claim your prize now at http://you-win.com,21.0,9895591.0,575631.0,1774.0
DIY: Build a Treehouse in Your Backyard,legit,Step-by-step instructions for building a treehouse. Fun for the family!,10.0,25501.0,5352.0,7215.0
"Instant Approval for $5,000 Loan!",scam,Get instant loan approval at http://loan-fast.net,19.0,64950.0,8054.0,6610.0
Claim Your Reward Before Midnight!,scam,Your reward expires soon! Visit http://midnight-prize.net,13.0,76875.0,159.0,7817.0
Explore the Hidden Wonders of the World,legit,Embark on a journey to discover the world's hidden treasures.,1.0,29927.0,8171.0,3070.0
Last Chance to Claim Your Prize!,scam,Don't let this chance slip away! Visit http://finalchance.net,6.0,17206.0,1815.0,8762.0
Unlock the Secret to Instant Wealth!,scam,Financial freedom starts here: http://wealth-secret.net,17.0,29863.0,6002.0,9889.0
Watch This Video Before It Gets Removed!,scam,Hurry before it's too late! Watch now at http://hidden-video.net,9.0,51073.0,2013.0,5650.0
Upgrade Your Skills with This Tutorial,legit,Boost your professional skills with this comprehensive tutorial.,14.0,7391.0,1099.0,5170.0
Earn Money While You Sleep!,scam,Passive income secrets revealed here: http://moneydream.net,17.0,13795.0,9803.0,686.0
Understanding Blockchain Technology,legit,Learn the fundamentals of blockchain and its applications.,16.0,89292.0,8614.0,
"Earn $10,000 in 1 Day GUARANTEED!!!",scam,Make thousands overnight! Act now at http://quick-rich.com,2.0,6613.0,4953.0,6512.0
WIN BIG - No Purchase Required!,scam,Enter to win now! Visit http://win-big.com,10.0,48504.0,1059.0,6757.0
Secret Investment Opportunity Revealed!,scam,Exclusive deals await. Click here: http://invest-secrets.com,21.0,18796.0,9364.0,9947.0
Hurry! Limited Time Offer Ends Soon!,scam,Act now before the offer expires: http://final-offer.com,17.0,4286.0,3485.0,5589.0
###ERROR###,legit,Simple tips to improve your financial habits and save money.,22.0,25414.0,2479.0,532.0
Free Money? Click to Find Out!,scam,Get your free bonus now! Learn more: http://free-cash.info,21.0,,824.0,9905.0
You Have Been Selected for a Special Reward!,scam,Visit now to claim your reward: http://exclusive-reward.com,8.0,67220.0,409.0,9471.0
Secret Formula for Quick Money Revealed!,scam,Start earning today: http://quick-money.net,16.0,39145.0,5717.0,6748.0
Shocking Discovery That Banks Don’t Want You to Know!,scam,Learn the truth now: http://bank-secrets.com,14.0,21490.0,3802.0,9072.0
Top 5 Coding Languages to Learn in 2024,legit,Discover the most in-demand programming languages for 2024.,14.0,32551.0,4724.0,1766.0
Exclusive Crypto Trading Secrets Revealed!,scam,Discover the top strategies for crypto trading success at http://crypto-secrets.net,17.0,46531.0,7172.0,
Upgrade Your Skills with This Tutorial,legit,Boost your skills with this detailed step-by-step guide.,15.0,79587.0,9696.0,7913.0
How to Save Money Efficiently,legit,Practical tips to help you manage and save your finances effectively.,11.0,34810.0,2182.0,7997.0
Earn Passive Income with Zero Investment!,scam,Start earning passive income today without any initial investment! Learn more at http://passive-wealth.net,7.0,36983.0,8692.0,7994.0
Win a FREE Holiday Package! Limited Time Only!,scam,"Claim your holiday package now! Hurry, limited time offer: http://freeholiday.net",9.0,44159.0,9297.0,6080.0
Healthy Recipes for Busy People,legit,Quick and healthy recipes tailored for your busy schedule.,2.0,17511.0,5343.0,7536.0
Understanding Cryptocurrency Basics,legit,Learn the essentials of cryptocurrency and how to start investing.,17.0,94479.0,7563.0,3679.0
Act Now: Your Prize is Waiting!,scam,Your exclusive reward is ready! Claim now at http://exclusive-reward.com,9.0,35181.0,2316.0,7176.0
Double Your Investment Overnight with This Secret!,scam,Unlock the secret formula to doubling your investments instantly.,3.0,57452.0,1218.0,9112.0
Improve Your Mental Health with These Tips,legit,Simple and effective tips to boost your mental well-being.,6.0,83142.0,4958.0,2606.0
Master the Art of Public Speaking,legit,Overcome stage fright and master the art of confident speaking.,9.0,34213.0,9737.0,1993.0
WARNING: Unauthorized Login Detected!,scam,Immediate action required! Secure your account now at http://secure-login.com,2.0,43972.0,1968.0,8658.0
Top 10 Cities to Visit This Summer,legit,Explore the most beautiful cities for your summer vacation.,,86878.0,8673.0,7975.0
Your Device is Compromised! Fix It Immediately!,scam,Protect your device from vulnerabilities at http://secure-device.net,7.0,,,7073.0
Last Chance: VIP Access to Millionaire Club!,scam,Unlock your VIP access now at http://millionaire-club.com,17.0,6070599.0,660304.0,9897.0
Understanding Blockchain Technology,legit,An in-depth look at how blockchain is revolutionizing industries.,16.0,77135.0,3549.0,1893.0
Congratulations! You've Been Selected for a Special Gift!,scam,Claim your exclusive gift now at http://special-gift.net,16.0,48557.0,9304.0,1807.0
Understanding Renewable Energy Sources,legit,Explore how renewable energy is shaping the future of sustainability.,16.0,4316.0,430.0,3977.0
"PQJ""jlb##w(wsuPiv&cnm#F~?i[9I@,2]m.8JtdW]",legit,Learn the best strategies to grow and monetize your YouTube channel.,23.0,33041.0,7641.0,3436.0
Immediate Action Required to Avoid Penalties!,scam,Take immediate action to avoid penalties. Details at http://penalty-alert.com,18.0,31053.0,1679.0,
Top 5 Hacks to Make Money Online Instantly!,scam,Learn the fastest ways to make money online now!,22.0,85421.0,6402.0,151.0
Claim Your $500 Bonus Before It's Too Late!,scam,Hurry! Claim your $500 bonus now at http://bonus-now.com,13.0,96072.0,3470.0,2760.0
Top 5 Coding Languages to Learn in 2024,legit,Discover the top programming languages to boost your career in 2024.,1.0,3658.0,1575.0,3177.0
The Ultimate Fitness Guide for Beginners,legit,Start your fitness journey with this comprehensive guide.,4.0,,5215.0,9747.0
"Earn $5,000 per Week from Home - No Skills Needed!",scam,Learn how to earn from home with no skills required at http://work-from-home.com,16.0,11112.0,9333.0,4078.0
A Comprehensive Guide to Digital Marketing,legit,Master digital marketing strategies for your business.,15.0,79544.0,5412.0,1912.0
Shocking Truth About Online Banking - Watch Now!,scam,Unveil the shocking truth about online banking at http://banking-truth.net,13.0,49901.0,3174.0,1796.0
Limited Slots Available! Reserve Yours Now!,scam,Secure your slot before it's too late. Limited availability!,22.0,69216.0,5855.0,1071.0
Explore the Hidden Wonders of the World,legit,Discover some of the most breathtaking places on Earth.,22.0,31284.0,2576.0,8191.0
The Best Books to Read This Year,legit,A curated list of must-read books for this year.,2.0,74810.0,8229.0,9881.0
Your Subscription Has Been Suspended! Reactivate Now!,scam,Reactivate your subscription immediately at http://subscription-alert.com,11.0,39823.0,,2207.0
Tips for a Successful Job Interview,legit,Essential tips to excel in your next job interview.,5.0,14793.0,8665.0,5247.0
Exclusive Investment Tips for Instant Wealth!,scam,Learn the best investment tips for immediate returns.,2.0,8490.0,7146.0,7637.0
Unboxing the Latest iPhone Model,legit,A detailed unboxing and review of the latest iPhone model.,5.0,221.0,9047.0,7304.0
How to Plan the Perfect Vacation,legit,Step-by-step guide to planning an unforgettable vacation.,13.0,74337.0,6929.0,3196.0
Top 5 Skills You Need in 2024,legit,Discover the most valuable skills to thrive in the job market this year.,4.0,5744354.0,512190.0,2038.0
Your Password Has Been Leaked! Update Now!,scam,Immediate action is required! Secure your password immediately.,22.0,81967.0,2112.0,5640.0
Ultimate Guide to Healthy Meal Prep,legit,Learn how to prepare healthy meals efficiently and effectively.,17.0,59694.0,3455.0,9529.0
Act Now to Avoid Account Suspension!,scam,Avoid account suspension by following the instructions provided.,18.0,86083.0,,2277.0
Best Practices for Learning a New Language,legit,Master a new language quickly with these proven strategies.,6.0,10621.0,718.0,9242.0
"Unbelievable Deal: Buy One, Get Five Free!",scam,Limited time offer! Grab your deal now at http://exclusive-deal.net,,,7651.0,2866.0
rcurlturtae   ntwaflosecF eeSrSeca eso HaC,legit,Discover the key strategies for launching your freelance career.,15.0,97388.0,7635.0,2007.0
Instant Approval for Personal Loans - No Credit Check!,scam,Get instant approval for your loan application today.,10.0,7832.0,8528.0,8620.0
Understanding the Basics of Cybersecurity,legit,Learn essential techniques to secure your digital life.,22.0,10283.0,4639.0,9725.0
Your Free Gift is Ready for Shipment!,scam,Claim your free gift before it expires.,4.0,50424.0,,1144.0
Tips for Effective Time Management,legit,Manage your time better with these efficient productivity tips.,7.0,38591.0,6994.0,9139.0
Secure Your Account with This Simple Step!,scam,Protect your account with these simple but effective security tips.,17.0,17898.0,2279.0,
Introduction to Artificial Intelligence Basics,legit,Explore the fundamental concepts of AI in this beginner's guide.,22.0,89037.0,3769.0,4205.0
10 Quick Tips to Improve Your Memory,legit,Boost your memory with these scientifically proven techniques.,9.0,,8034.0,3749.0
Hidden Secrets to Get Rich Fast Revealed!,scam,Discover hidden secrets to quick wealth now!,1.0,30160.0,7206.0,171.0
Beginner's Guide to Graphic Design,legit,Start your graphic design journey with these beginner-friendly tips.,8.0,85461.0,118.0,3244.0
Exploring the Future of Renewable Energy,legit,Understand how renewable energy is shaping the world.,1.0,50415.0,6948.0,2437.0
Important: Update Your Payment Information Now!,scam,Ensure your payment details are up to date to avoid interruptions.,,34969.0,460.0,1844.0
Simple Steps to Improve Your Public Speaking Skills,legit,Overcome stage fright and speak confidently in public.,23.0,88007.0,2070.0,6842.0
10 Proven Methods to Save More Money,legit,Learn practical techniques to save money effectively.,19.0,7329.0,8330.0,8916.0
Immediate Refund Available - Click Here!,scam,Claim your refund immediately by following the instructions.,9.0,28900.0,5514.0,
Learn the Fundamentals of Photography,legit,Capture stunning photos with these beginner-friendly photography tips.,23.0,39131.0,7632.0,
How to Write a Winning Resume,legit,Craft a resume that stands out to potential employers.,6.0,59025.0,7310.0,4605.0
"Win Prizes Worth $10,000 - Enter Today!",scam,Your chance to win big! Details at http://win-prizes-now.com,12.0,44307.0,1132.0,306.0
Master Data Science in 6 Months,legit,Become a data science expert with this comprehensive 6-month guide.,15.0,27027.0,5146.0,4332.0
Exclusive Opportunity: Be Your Own Boss!,scam,Start your entrepreneurial journey today.,4.0,91271.0,140.0,1178.0
Learn Guitar in Just 30 Days,legit,Master guitar basics in just one month with this simple guide.,19.0,93565.0,283.0,2357.0
Essential Tools for Remote Work Success,legit,Equip yourself with the best tools for remote productivity.,11.0,61760.0,,2287.0
Top 7 Places to Visit in Europe This Year,legit,Explore the most breathtaking destinations in Europe for this year.,11.0,62482.0,3714.0,7316.0
Shocking Truth About Online Banking - Watch Now!,scam,Discover surprising insights about online banking practices.,16.0,98428.0,1611.0,5394.0
Ultimate Beginner's Guide to Yoga,legit,Start your yoga journey with these easy beginner tips.,13.0,36743.0,9537.0,3311.0
Click Now to Activate Your Free Gift!,scam,Your free gift is waiting! Activate it now.,5.0,6252610.0,636283.0,338.0
Simple Habits for a More Productive Day,legit,Boost your productivity with these simple daily habits.,0.0,44468.0,7284.0,3243.0
Act Quickly: Claim Your Reward Today!,scam,Your reward is ready for you. Don't miss out!,19.0,71454.0,8873.0,8905.0
Understanding Cryptocurrency Wallets,legit,Learn how to manage and secure your cryptocurrency wallets.,5.0,14135.0,4725.0,5850.0
Congratulations! You've Won a Surprise Gift!,scam,Claim your surprise gift now at http://surprise-gift.net,3.0,41311.0,5221.0,5047.0
Exploring the Depths of the Ocean: Documentary,legit,Dive into the mysteries of the deep ocean in this documentary.,20.0,72812.0,2325.0,1284.0
Top 3 Ways to Become a Millionaire!,scam,Discover the secrets to becoming a millionaire quickly.,0.0,60889.0,,8886.0
Your Device is at Risk! Fix It Instantly!,scam,Your device needs immediate attention. Secure it now!,14.0,19135.0,1137.0,5040.0
FREE Access to Exclusive Content!,scam,Gain access to exclusive premium content now.,14.0,37166.0,,3080.0
Urgent: Verify Your Account Immediately!,scam,Verify your account to avoid disruptions.,15.0,75834.0,6120.0,1141.0
Earn $500 a Day with This Strategy!,scam,Start earning money online today with this proven strategy.,0.0,93690.0,8354.0,
Understanding the Basics of Personal Finance,legit,Learn the fundamentals of personal finance and money management.,21.0,49664.0,9179.0,4974.0
Get Exclusive Access to Secret Wealth Tips!,scam,Unlock exclusive tips for growing your wealth.,10.0,39266.0,8806.0,4321.0
Immediate Action Required for Account Security!,scam,Secure your account immediately to prevent unauthorized access.,4.0,24935.0,8789.0,5105.0
10 Quick Recipes for Busy Weeknights,legit,Prepare quick and delicious meals for busy evenings.,0.0,72150.0,5803.0,7993.0
Win a Luxury Car with Just One Click!,scam,Your chance to win a luxury car! Details at http://luxurycar-win.net,15.0,20565.0,8836.0,7844.0
Special Offer: Unlock Premium Content for Free!,scam,Unlock premium content without paying a dime.,13.0,20458.0,6343.0,7223.0
How to Build Confidence in Social Situations,legit,Overcome shyness and boost your confidence in social interactions.,16.0,,8326.0,4992.0
Attention: Your Account Needs Verification!,scam,Your account requires immediate verification. Take action now.,,94338.0,,5478.0
Limited Slots for Instant Wealth Program!,scam,Secure your spot in this exclusive wealth program now!,19.0,,756.0,4553.0
FREE Bitcoin Giveaway - Claim Now!,scam,Claim your free Bitcoin today. Limited offer.,0.0,90513.0,1081.0,9541.0
Act Fast! Only a Few Slots Left!,scam,Limited availability! Secure your spot now.,15.0,68106.0,647.0,4913.0
Get Instant Approval for a Personal Loan!,scam,Your loan is ready! Get instant approval today.,14.0,36264.0,8813.0,
Learn Ethical Hacking Step by Step,legit,Master ethical hacking with this step-by-step guide.,14.0,33179.0,4390.0,9511.0
Secure Your Future with This One Trick!,scam,Protect and grow your future wealth with this simple trick.,20.0,44328.0,3927.0,9663.0
Last Chance to Claim Your Prize!,scam,Your prize is about to expire! Claim it now.,20.0,51483.0,7264.0,
Easy DIY Projects for Your Home,legit,Simple and fun DIY projects to improve your home.,4.0,20442.0,5909.0,8731.0
Alert! Suspicious Activity Detected on Your Account!,scam,Suspicious activity detected. Secure your account immediately.,6.0,2617.0,4271.0,4494.0
Limited Time Only: Get Your Free Bonus!,scam,Your free bonus is waiting! Grab it now.,10.0,1018828.0,872540.0,4410.0
Double Your Investment Overnight!,scam,Maximize your returns with this overnight investment strategy.,16.0,73482.0,5788.0,
Shocking Discovery About Online Earnings!,scam,Learn shocking truths about earning money online.,6.0,50336.0,684.0,5778.0
Uncover Hidden Investment Secrets Now!,scam,Exclusive investment secrets revealed here!,13.0,1340.0,7624.0,2712.0
How to Build Confidence in Social Situations,legit,Improve your social confidence with these proven strategies.,6.0,25600.0,5148.0,3359.0
Get Paid for Watching Videos - Start Today!,scam,Earn money online by watching videos today!,4.0,89189.0,294.0,4524.0
Understanding the Basics of Personal Finance,legit,Master your personal finances with these foundational tips.,,55593.0,4273.0,5586.0
###ERROR###,legit,Discover easy and delicious recipes you can cook at home.,16.0,97098.0,9002.0,8174.0
Claim Your Free Access to Premium Tools!|`_|~,scam,Gain free access to premium tools. Act now before it's too late!,16.0,56988.0,8308.0,6665.0
Ultimate Guide to Gardening for Beginners,legit,Start your gardening journey with these easy steps for beginners.,12.0,57633.0,9219.0,732.0
Shocking Secrets of the Rich Exposed!,scam,Discover the hidden secrets wealthy people don't want you to know!,23.0,28268.0,4146.0,9400.0
Quick and Easy Vegan Recipes,legit,Prepare tasty vegan meals in minutes with these quick recipes.,19.0,,2661.0,5350.0
Top 5 Secrets Banks Don't Want You to Know!,scam,Learn the secrets banks are hiding from you!,7.0,78389.0,7373.0,315.0
Earn Passive Income Effortlessly!,scam,Generate passive income with this simple and proven method.,1.0,37206.0,4434.0,9373.0
Master Public Speaking with These Tips,legit,Boost your confidence and communication with these tips.,4.0,90.0,9221.0,8349.0
Exclusive Access to Fast Money Making Tips!,scam,Unlock exclusive secrets to making money fast!,22.0,18712.0,4454.0,2972.0
How to Master Photography in 7 Days,legit,Learn photography basics and start taking stunning pictures in just one week.,21.0,11858.0,5186.0,
Explore the Wonders of Space with NASA,legit,Join NASA in exploring the mysteries of the universe.,2.0,70168.0,8193.0,8496.0
Immediate Refund Available - Act Fast!,scam,Claim your refund now at http://refund-quick.net,16.0,85968.0,,738.0
10 Mindfulness Techniques for Stress Relief,legit,Reduce stress and boost mental clarity with these mindfulness techniques.,21.0,64719.0,8576.0,5603.0
Your Account Has Been Flagged for Suspicious Activity!,scam,Immediate attention required to secure your account.,16.0,62719.0,2594.0,6927.0
Top 10 Must-Visit Cities in Europe,legit,Discover the most beautiful cities to visit in Europe this year.,11.0,63327.0,9481.0,8698.0
Step-by-Step Guide to Home Renovation,legit,Transform your home with this easy-to-follow renovation guide.,8.0,99075.0,,8371.0
Attention! Limited Time Investment Opportunity!,scam,Secure your investment spot today at http://invest-now.com,21.0,11906.0,4124.0,4878.0
Best Hiking Trails Around the World,legit,Explore the world's most breathtaking hiking trails.,12.0,9294.0,5830.0,2848.0
Top 10 Must-Read Books for Entrepreneurs,legit,Fuel your entrepreneurial journey with these must-read books.,19.0,,9844.0,
WARNING: Immediate Action Required on Your Account!,scam,Your account is at risk. Take immediate action to secure it.,8.0,35172.0,8080.0,5750.0
Unlock Your Financial Freedom Today!,scam,Discover strategies to achieve financial independence.,8.0,41698.0,7268.0,2424.0
How to Build a Successful Online Business,legit,Learn proven techniques for building a successful online business.,20.0,21434.0,3943.0,9649.0
Limited Offer: Double Your Money Instantly!,scam,Double your investment instantly with this limited-time offer.,13.0,40023.0,9881.0,8478.0
Best Practices for Cybersecurity in 2024,legit,Protect your digital life with these cybersecurity tips.,20.0,63912.0,5357.0,6204.0
Top 5 Tools for Effective Project Management,legit,Boost productivity with these essential project management tools.,10.0,47440.0,,7155.0
Discover the Secrets to Instant Success!,scam,Learn the shortcuts to achieving instant success.,20.0,82239.0,5015.0,9776.0
5 Daily Habits for a Healthier Lifestyle,legit,Adopt these five daily habits for a healthier and happier life.,6.0,87543.0,6697.0,2274.0
Your Security is at Risk! Click to Fix!,scam,Secure your account now at http://security-fix.com,6.0,,2623.0,9956.0
Simple Exercises for Better Posture,legit,Improve your posture with these easy daily exercises.,18.0,73104.0,5683.0,897.0
Join the VIP Club for Exclusive Benefits!,scam,Gain exclusive access to VIP offers and deals now.,15.0,18110.0,6320.0,
Quick Cash: Make $200 in 30 Minutes!,scam,Earn quick cash with this proven method.,20.0,60698.0,,3828.0
Start Earning from Home Right Now!,scam,Work from home and start earning today!,16.0,89568.0,4867.0,6196.0
Learn Spanish in 30 Days - Beginner Guide,legit,Master Spanish basics in just 30 days with this beginner-friendly guide.,19.0,41297.0,6851.0,5678.0
How to Improve Your Digital Marketing Skills,legit,Upgrade your digital marketing expertise with these actionable strategies.,1.0,38154.0,8672.0,7168.0
Exclusive Insider Trading Secrets Revealed!,scam,Get access to confidential insider trading secrets today!,5.0,41664.0,3802.0,1410.0
Alert! Your Payment Details Are Outdated!,scam,Update your payment details now to avoid service interruptions.,16.0,31638.0,5088.0,8866.0
Claim Your Instant Reward Now!,scam,Your reward is ready. Claim it instantly!,0.0,64803.0,6183.0,5171.0
New Method to Get Rich Fast Revealed!,scam,Unlock a brand-new strategy to get rich quickly.,17.0,9753502.0,565614.0,9954.0
Learn Basic First Aid Skills,legit,Master essential first aid skills to handle emergencies confidently.,12.0,55881.0,6504.0,44.0
Step-by-Step Guide to Writing a Novel,legit,Start your writing journey with this comprehensive novel-writing guide.,22.0,39282.0,3824.0,7450.0
Exclusive Deal: Win a Free iPad Today!,scam,Your chance to win a free iPad! Enter now at http://free-ipad.net,9.0,6876.0,,616.0
Top 5 Productivity Tools for Remote Work,legit,Enhance your workflow with these top productivity tools for remote work.,19.0,17663.0,9876.0,4459.0
"Earn $1,000 Daily Without Leaving Home!",scam,Learn how to make money daily without stepping outside your home!,2.0,6918067.0,640536.0,6206.0
10 Tips for Becoming a Better Writer,legit,Improve your writing skills with these practical and effective tips.,13.0,566.0,836.0,9455.0
How to Plan Your Dream Vacation,legit,Create unforgettable travel experiences with this vacation planning guide.,22.0,38271.0,6120.0,2548.0
Best Practices for Managing Remote Teams,legit,Lead remote teams effectively with proven management strategies.,19.0,5022.0,9156.0,9064.0
Step-by-Step Guide to Learning Guitar,legit,"Learn to play guitar step-by-step, even if you're a complete beginner.",1.0,59674.0,90.0,6635.0
Your Bank Account is Locked - Immediate Action Needed!,scam,Unlock your bank account now at http://secure-bank.net,19.0,97011.0,3339.0,5933.0
Easy DIY Crafts for Kids,legit,Fun and creative craft projects for kids of all ages.,2.0,74576.0,9085.0,4644.0
10 Affordable Smart Home Gadgets,legit,Upgrade your home with these budget-friendly smart devices.,15.0,92038.0,7446.0,363.0
Learn the Art of Graphic Design,legit,Discover essential graphic design skills and unleash your creativity.,22.0,51314.0,2017.0,3091.0
How to Launch a Startup Successfully,legit,Turn your business idea into reality with these startup tips.,16.0,61405.0,314.0,5591.0
Best Practices for Email Marketing Campaigns,legit,Boost engagement with these proven email marketing strategies.,9.0,99171.0,5632.0,5604.0
Top 5 Online Courses for Career Growth,legit,Advance your career with these highly recommended online courses.,21.0,93997.0,5611.0,3468.0
Improve Your Focus with These Techniques,legit,Learn how to eliminate distractions and stay focused on your goals.,,23758.0,1043.0,621.0
10 Science Experiments You Can Do at Home,legit,Fun and educational science experiments for the entire family.,11.0,47496.0,8519.0,8190.0
Congratulations! You've Won a Dream Vacation!,scam,Claim your dream vacation now at http://dream-vacation.net,1.0,81246.0,6311.0,7999.0
Discover the Best Travel Hacks for Flights,legit,Save money and travel smarter with these flight booking hacks.,,81341.0,9240.0,3241.0
Top 7 Time Management Strategies,legit,Manage your time better with these proven strategies.,12.0,13077.0,9597.0,3689.0
DIY: Build a Bookshelf from Scratch,legit,Follow these easy steps to build a sturdy bookshelf at home.,5.0,98909.0,8970.0,3710.0
Healthy Meal Prep Ideas for Busy Schedules,legit,Prepare nutritious meals quickly with these time-saving tips.,3.0,96600.0,9648.0,269.0
How to Stay Fit Without a Gym Membership,legit,Stay in shape with these effective home fitness routines.,18.0,79421.0,1857.0,4324.0
Explore the Benefits of Renewable Energy,legit,Learn how renewable energy can positively impact the environment.,3.0,78752.0,3229.0,7278.0
10 Fun Science Facts for Kids,legit,Discover amazing and fun science facts that kids will love.,23.0,31531.0,9760.0,8847.0
Top 5 Strategies for Effective Team Management,legit,Improve teamwork with these essential team management techniques.,,36632.0,6451.0,9482.0
How to Build a Personal Fitness Plan,legit,Create a personalized fitness plan tailored to your goals.,10.0,2997.0,3596.0,5448.0
Learn Video Editing Like a Pro,legit,Master professional video editing techniques with ease.,,7042038.0,950906.0,8976.0
10 Things You Didn't Know About Oceans,legit,Explore fascinating facts about the world's oceans.,23.0,64026.0,4949.0,3467.0
Learn to Code in Python in 30 Days,legit,Become proficient in Python programming in just one month.,8.0,75319.0,4408.0,5308.0
Effective Study Techniques for Students,legit,Boost your academic performance with these study strategies.,22.0,74851.0,8984.0,7560.0
Beginner's Guide to Investing in Stocks,legit,Learn the basics of stock investing and grow your wealth.,23.0,29430.0,9278.0,601.0
Introduction to Machine Learning Algorithms,legit,Understand the fundamentals of machine learning algorithms.,2.0,68070.0,228.0,7597.0
How to Stay Motivated During Challenging Times,legit,Stay positive and motivated with these helpful strategies.,14.0,2366.0,8734.0,2224.0
Learn How to Meditate Effectively,legit,Improve your mental health with effective meditation techniques.,1.0,74890.0,8535.0,599.0
Discover the Secrets of Wildlife Photography,legit,Capture breathtaking wildlife photos with expert tips.,16.0,72236.0,9415.0,621.0
Learn Video Editing from Scratch,legit,Master the basics of video editing with this beginner-friendly guide.,5.0,18638.0,9879.0,7959.0
Your Data Has Been Compromised - Act Fast!,scam,Immediate action required to protect your data.,14.0,7717.0,2485.0,
Explore the Best Hiking Trails in South America,legit,Discover breathtaking hiking trails across South America.,15.0,56954.0,2630.0,5436.0
"sON0M#M/-g%O6vR]2RB&O'6&IX]hn^jN+vVEM2)r8\Q/,c",scam,Grab your free cryptocurrency tokens now at http://free-airdrop.com,4.0,60141.0,547.0,1322.0
Become a Millionaire with This One Trick!,scam,Unlock the secret to becoming a millionaire quickly.,4.0,80382.0,8935.0,5046.0
Master Digital Marketing in 30 Days,legit,Enhance your marketing skills with this 30-day comprehensive guide.,21.0,1367620.0,566833.0,6399.0
Claim Your Exclusive Reward Before Midnight!,scam,Your reward is waiting! Claim it before midnight.,17.0,97179.0,1454.0,8708.0
Step-by-Step Guide to Building a Website,legit,Build a professional website from scratch with this easy guide.,9.0,48821.0,4491.0,882.0
10 Simple Recipes for Quick Dinners,legit,Cook delicious dinners in minutes with these quick recipes.,4.0,6345.0,1877.0,7915.0
Attention: Urgent Security Update Required!,scam,Update your security settings now to avoid risks.,13.0,27171.0,5052.0,5506.0
Earn Passive Income with This Hidden Method!;`$|%,scam,Discover a hidden method to generate passive income easily.,8.0,7324.0,5360.0,8761.0
5 Easy Ways to Save More Money Every Month,legit,Simple strategies to save money effectively every month.,,8805596.0,544309.0,3635.0
Best Practices for Data Security Online,legit,Protect your online presence with these security practices.,15.0,54115.0,4883.0,8928.0
Instant Wealth Awaits - Click to Learn More!,scam,Your path to instant wealth begins here. Act now!,12.0,71999.0,5145.0,5510.0
Master the Basics of Artificial Intelligence,legit,Learn the core concepts of Artificial Intelligence step-by-step.,17.0,95994.0,9235.0,3600.0
Act Now: Limited Time Bonus Offer!,scam,Claim your bonus now before time runs out.,17.0,43164.0,2480.0,134.0
Improve Your Writing Skills with These Tips,legit,Enhance your writing abilities with practical advice.,7.0,5799.0,,2454.0
VIP Access: Limited Slots Available!,scam,Secure your VIP slot now! Limited spots left.,15.0,25770.0,6846.0,2659.0
Top 7 Fitness Exercises for Beginners,legit,Start your fitness journey with these simple exercises.,18.0,1596860.0,845052.0,4040.0
Your Payment Details Are Outdated - Update Now!,scam,Update your payment details immediately at http://secure-payment.com,,38386.0,432.0,7990.0
Attention: Suspicious Login Attempt Detected!,scam,Secure your account now to prevent unauthorized access.,15.0,53953.0,3224.0,8657.0
Top Secret: Financial Freedom Blueprint Revealed!,scam,Unlock the blueprint to achieving financial freedom.,11.0,22581.0,4745.0,
How to Plan an Effective Study Routine,legit,Organize your study schedule efficiently with these tips.,9.0,62807.0,5157.0,9344.0
Unlock Hidden Earnings with One Click!,scam,Access hidden earning strategies with one simple click.,0.0,71112.0,2774.0,2126.0
Double Your Money in 24 Hours - Guaranteed!,scam,Invest now and see your money double within 24 hours.,15.0,56788.0,1860.0,8939.0
Top 10 Tourist Attractions in Asia,legit,Explore the must-visit tourist attractions across Asia.,1.0,95523.0,3881.0,7913.0
5 Easy Ways to Save More Money Every Month,legit,Simple and effective methods to save more money every month.,11.0,55385.0,2925.0,7961.0
Exclusive Invitation: Join the Millionaire Club!,scam,Your exclusive invitation is waiting. Join now!,15.0,7644816.0,955635.0,93.0
10 Essential Skills for Remote Workers,legit,Boost productivity with these essential remote working skills.,9.0,23958.0,1190.0,3153.0
Act Now to Claim Your Special Reward!,scam,Claim your reward instantly at http://special-reward.net,7.0,44751.0,6483.0,3830.0
Urgent: Your Account is at Risk - Fix Now!,scam,Your account is compromised. Secure it immediately!,9.0,68687.0,,8056.0
Beginner's Guide to Organic Gardening,legit,Start your organic gardening journey with this easy guide.,20.0,50495.0,108.0,6265.0
Final Warning: Account Suspension Imminent!,scam,Take immediate action to avoid account suspension.,15.0,49410.0,658.0,120.0
Step-by-Step Guide to Building a Website,legit,Follow this guide to create your first website from scratch.,8.0,86824.0,6343.0,2230.0
Start Earning $500 a Day Starting Now!,scam,Learn how to earn $500 daily with this proven strategy.,21.0,47171.0,1457.0,7857.0
New Investment Scheme - Earn Big Returns!,scam,Start investing today for guaranteed high returns.,16.0,,1823.0,3078.0
Your Computer is Infected! Fix Now!,scam,Protect your system now. Act fast!,0.0,7608.0,4260.0,6846.0
Top 5 Strategies for Effective Team Management,legit,Manage teams effectively with these proven strategies.,1.0,83606.0,3040.0,8191.0
Double Your Earnings Instantly!,scam,Boost your income instantly at http://fast-earnings.com,5.0,89952.0,8310.0,4278.0
Understanding the Science Behind Nutrition,legit,Explore how nutrition impacts your health with these essential insights.,23.0,,2666.0,8398.0
How to Build an Emergency Fund,legit,Learn practical steps to create and maintain an emergency fund.,16.0,20292.0,7217.0,5296.0
10 DIY Projects for Your Home,legit,Fun and creative DIY projects to enhance your living space.,8.0,,1711.0,9625.0
Tips for Creating Engaging Social Media Content,legit,Boost your social media presence with these actionable tips.,9.0,49254.0,878.0,880.0
Step-by-Step Guide to Podcasting,legit,Start your own podcast with this detailed step-by-step guide.,23.0,27112.0,2819.0,5442.0
10 Travel Hacks to Save Money on Flights,legit,Save money on your next trip with these flight booking hacks.,2.0,70625.0,7550.0,7900.0
How to Stay Motivated at Work,legit,Learn strategies to stay focused and motivated in your workplace.,7.0,41221.0,9849.0,5992.0
Quick Workout Routines for Busy Professionals,legit,Stay fit with quick and efficient workout routines.,6.0,52007.0,9532.0,2119.0
Best Tools for Improving Productivity,legit,Maximize your productivity with these essential tools.,4.0,62002.0,495.0,3923.0
Introduction to Financial Planning for Young Adults,legit,Learn how to plan your finances effectively as a young adult.,15.0,55708.0,4754.0,7724.0
Discover the Benefits of Meditation,legit,Unlock the mental and physical benefits of daily meditation.,21.0,47550.0,9726.0,7070.0
How to Build Confidence in Public Speaking,legit,Improve your public speaking skills with these proven techniques.,10.0,72611.0,8009.0,8089.0
Learn How to Write a Resume That Stands Out,legit,Craft a compelling resume that catches recruiters' attention.,8.0,30753.0,8351.0,6052.0
Mastering Video Conferencing Tools,legit,Learn to use video conferencing tools effectively for remote meetings.,20.0,93429.0,115.0,1354.0
Best Practices for Cybersecurity Awareness,legit,Protect your digital assets with these cybersecurity tips.,9.0,,8.0,1848.0
Learn Ethical Hacking Basics,legit,Get started with ethical hacking and cybersecurity essentials.,9.0,72317.0,1036.0,2273.0
Quick Tips for Learning a New Language,legit,Master the basics of any language with these quick tips.,9.0,88467.0,3084.0,7428.0
How to Overcome Procrastination,legit,Defeat procrastination with these effective strategies.,,86824.0,2733.0,5113.0
Discover the Basics of Machine Learning,legit,Understand the fundamental concepts of Machine Learning.,2.0,88164.0,4842.0,2421.0
Understanding Cryptocurrency for Beginners,legit,Learn the essentials of cryptocurrency and blockchain technology.,1.0,6586.0,3271.0,7909.0
10 Effective Time Management Strategies,legit,Boost productivity with these effective time management techniques.,19.0,11667.0,1662.0,6393.0
How to Bake Perfect Bread at Home,legit,Master the art of baking delicious bread at home.,13.0,67492.0,9695.0,6815.0
Simple Tips for Better Sleep,legit,Improve your sleep quality with these simple yet effective tips.,22.0,46169.0,9321.0,3380.0
Learn to Code a Mobile App in 60 Days,legit,Build your first mobile app step-by-step in 60 days.,14.0,21227.0,1754.0,8441.0
How to Build a Passive Income Stream,legit,Create a sustainable passive income source with these methods.,22.0,12091.0,8521.0,1210.0
Discover the Art of Photography,legit,Learn the secrets of capturing stunning photographs.,8.0,76516.0,1606.0,3038.0
How to Create a Budget and Stick to It,legit,Take control of your finances with effective budgeting techniques.,22.0,36318.0,1937.0,7982.0
Top 5 Books for Personal Development,legit,Fuel your growth with these must-read personal development books.,,61045.0,936.0,2850.0
Explore the World of Virtual Reality,legit,Dive into the immersive experience of virtual reality.,,62598.0,2517.0,3028.0
Understanding the Basics of Cloud Computing,legit,Learn how cloud computing powers modern technology solutions.,7.0,80866.0,1495.0,629.0
Effective Techniques for Stress Management,legit,Reduce stress with these proven relaxation techniques.,19.0,14789.0,8466.0,8442.0
How to Start a Freelance Career Successfully,legit,Launch your freelance career with these essential tips.,8.0,4506889.0,911831.0,1605.0
"Explore the History of Ancient Civilizations,-$'.",legit,Travel back in time and uncover ancient secrets.,10.0,74321.0,5156.0,6786.0
Learn How to Design a Logo in Photoshop,legit,Master logo design using Photoshop step-by-step.,12.0,,9226.0,4818.0
How to Build Strong Professional Relationships,legit,Strengthen your professional network with these strategies.,7.0,73335.0,3275.0,4196.0
10 Life Hacks for Everyday Problems,legit,Simplify your daily life with these creative life hacks.,2.0,65719.0,3035.0,8552.0
10 Steps to Start Your Own Business,legit,Follow these steps to launch your business successfully.,22.0,12406.0,7058.0,8617.0
Master the Basics of Graphic Design,legit,Start your graphic design journey with these essential tips.,12.0,85799.0,4181.0,6344.0
Learn the Fundamentals of Project Management,legit,Understand key principles of successful project management.,20.0,7519079.0,602951.0,1082.0
How to Plan an Effective Study Routine,legit,Boost your academic success with a well-structured study routine.,20.0,83205.0,1825.0,9430.0
Learn the Basics of SEO for Beginners,legit,Master the fundamentals of SEO to improve your website ranking.,0.0,78417.0,7519.0,4332.0
"Earn $10,000 in 1 Week - No Skills Needed!",scam,Start earning today with zero experience! Act now at http://easy-earnings.com,20.0,73527.0,5132.0,7459.0
10 Tips for Effective Email Communication,legit,Improve your professional communication with these email strategies.,0.0,52017.0,3318.0,7745.0
Quick and Easy Vegan Meal Prep Ideas,legit,Prepare delicious and healthy vegan meals in no time.,23.0,12823.0,,4598.0
Learn How to Make Money Online Fast!,scam,Discover the fastest ways to earn money online. Don’t miss out!,19.0,,2525.0,1564.0
Best Practices for Remote Team Collaboration,legit,Boost team productivity with these remote collaboration tips.,3.0,93571.0,6396.0,478.0
Step-by-Step Guide to Interior Design Basics,legit,Learn how to design beautiful and functional spaces at home.,,91568.0,8608.0,6892.0
Top 5 Tools for Effective Content Marketing,legit,Maximize your content strategy with these essential tools.,7.0,99738.0,8673.0,7237.0
I just won the lottery with this simple trick!,scam,Discover the trick that could change your life overnight.,22.0,49238.0,253.0,600.0
